id,first_name,last_name,email,password
1,Luis,Venny,lvenny0@newyorker.com,LkwYl6n9i
2,Bridie,Moughtin,bmoughtin1@php.net,RefCEntG4Zj3
3,Roderich,ffrench Beytagh,rffrenchbeytagh2@disqus.com,AcoywYKhjS
4,Creigh,Sillis,csillis3@multiply.com,8c4XeVzDg0G
5,Moreen,Gaspero,mgaspero4@umn.edu,lXDzDbg8l6O
6,Chucho,Cammomile,ccammomile5@taobao.com,5WW8YGgZFv51
7,Doria,Purkis,dpurkis6@omniture.com,RYKQcP5tz
8,Nonie,Ridout,nridout7@foxnews.com,wSYiM7JhfRH5
9,Betty,Rignold,brignold8@china.com.cn,7ZtoPFEe2
10,Carmine,Loos,cloos9@baidu.com,LXZR8wa6xLms
11,Willem,Roscoe,wroscoea@google.cn,0cWZ5bjWMKE
12,Kaine,Gemlett,kgemlettb@bigcartel.com,M2dpD2GpsRwE
13,Papageno,Stratz,pstratzc@123-reg.co.uk,QbaOCZ
14,Fleming,Jime,fjimed@yellowpages.com,kWw5cjihqCUu
15,Nerte,Breche,nbrechee@woothemes.com,pJ7PF4iR5
16,Tammie,Claw,tclawf@wufoo.com,4SHYdq4yqKt
17,Cammi,Marshman,cmarshmang@imgur.com,ly81je6m
18,Christal,Gumm,cgummh@google.ca,hhsaOeI
19,Aubrey,Alwood,aalwoodi@icq.com,BeIBDwgMf
20,Erin,Toombs,etoombsj@buzzfeed.com,YGCbnBtQm
21,Lyle,Furze,lfurzek@printfriendly.com,WN2jKeXpHSC
22,Meredith,Lunbech,mlunbechl@vk.com,ciacGbZ
23,Hashim,Eccleston,hecclestonm@t-online.de,QaNceCtDd
24,Gerald,Cudd,gcuddn@bing.com,Dd2SxV
25,Mariele,Dawidowitsch,mdawidowitscho@adobe.com,KDRyuC
26,Templeton,Klainman,tklainmanp@mozilla.com,YRP9Ni
27,Elbertina,Ghirardi,eghirardiq@soundcloud.com,PJ8o6SOy
28,Milissent,Pencot,mpencotr@amazon.co.jp,BLJw4f
29,Enrika,Labb,elabbs@europa.eu,2LQXLhzpUL
30,Lola,Boord,lboordt@jugem.jp,OF5HmwNf257N
31,Rosalia,Waith,rwaithu@state.tx.us,LsiDYhV
32,Nessy,Zwicker,nzwickerv@instagram.com,pzjvk4
33,Dean,Lorain,dlorainw@guardian.co.uk,CEexlq
34,Hy,Causon,hcausonx@163.com,ql4yYkCeBv
35,Biddy,Tucker,btuckery@dailymotion.com,FhMLfnFbzz
36,Scotti,Yepiskov,syepiskovz@scientificamerican.com,DctUFrlL4
37,Pepillo,Molyneaux,pmolyneaux10@shinystat.com,hr25I4f29j
38,Chlo,Saladine,csaladine11@netlog.com,lXYHpgQ
39,Annecorinne,Dumphries,adumphries12@irs.gov,tXQEA0E6rpKt
40,Gayleen,Whaymand,gwhaymand13@thetimes.co.uk,qEY4XYr5LQiP
41,Mareah,Scouse,mscouse14@imgur.com,tGUSVkKq7
42,Jerrie,McCarthy,jmccarthy15@senate.gov,zphIDuqZH
43,Gilligan,Petrovykh,gpetrovykh16@ebay.com,IZhx30FaV
44,Cyb,Boorer,cboorer17@google.nl,BwLKPRWg9F48
45,Stephanus,Pasterfield,spasterfield18@forbes.com,YZhrQNPkU
46,Rosita,Allenby,rallenby19@spiegel.de,fYDtM2g4sar
47,Madelene,Mincini,mmincini1a@cdbaby.com,QSdRk0m4E
48,Francis,Gourlay,fgourlay1b@europa.eu,TWZX6i
49,Rolando,Nayshe,rnayshe1c@mayoclinic.com,aguzsFlB
50,Pandora,Newick,pnewick1d@plala.or.jp,V8x79gfTD
51,Carey,Valenti,cvalenti1e@yolasite.com,y3VcsjltcLb
52,Taite,Rehn,trehn1f@e-recht24.de,5BcEPwPKgC
53,Zelda,Gossage,zgossage1g@pinterest.com,8H5IzZoCw
54,Caspar,Latter,clatter1h@senate.gov,RfbimNHatF
55,Frederic,Fookes,ffookes1i@utexas.edu,zDuAXs
56,Nani,Chetwin,nchetwin1j@icq.com,FxsnnUrNOCg
57,Hermann,Gatus,hgatus1k@irs.gov,S4q0p37
58,Sabina,Gregersen,sgregersen1l@imdb.com,EQSSsLV
59,Patrica,Bedinham,pbedinham1m@cnn.com,pfsAvOXxfPvJ
60,Lucie,Lewsie,llewsie1n@freewebs.com,4T1Qt7a
61,Purcell,Garett,pgarett1o@netlog.com,d5ArGp
62,Salvatore,Jakobsson,sjakobsson1p@noaa.gov,5MRs0e0ibq
63,Leon,Andrzejak,landrzejak1q@unesco.org,PXENEaGqd
64,Worthington,Hasard,whasard1r@163.com,1LYYsAGtl
65,Josias,Swanwick,jswanwick1s@sina.com.cn,InwQyCY
66,Zeb,Larraway,zlarraway1t@phoca.cz,XKS4ihP8
67,Gaston,McGonigle,gmcgonigle1u@statcounter.com,frZNauZwq
68,Cora,MacGiolla,cmacgiolla1v@infoseek.co.jp,iMbqKLJO4Xk
69,Dorolisa,Garment,dgarment1w@vinaora.com,OlYEEYA
70,Jenny,Goard,jgoard1x@livejournal.com,9LQ8vMWPqc72
71,Meredeth,Grimsdell,mgrimsdell1y@foxnews.com,I6Al0xB
72,Morgan,Szymanowski,mszymanowski1z@sfgate.com,jdXOdriRexaU
73,Mandel,Baxendale,mbaxendale20@nationalgeographic.com,YpK6TZ
74,Nita,Dugmore,ndugmore21@usda.gov,zEfeT8y8y7
75,Elsa,Astle,eastle22@lycos.com,i2SJOY
76,Alexandros,Heugle,aheugle23@stumbleupon.com,MPijDTpeF
77,Ravi,Taplin,rtaplin24@sphinn.com,AekjHOWb
78,Ervin,McIlwrath,emcilwrath25@photobucket.com,lmJ2LRTVIry
79,Gib,Woodstock,gwoodstock26@sogou.com,F8Tijydr
80,Wendy,Beurich,wbeurich27@marketwatch.com,gxTxqHNZdPK
81,Godfrey,Danilowicz,gdanilowicz28@aboutads.info,yleLe8e
82,Ashbey,Faughnan,afaughnan29@tinyurl.com,djYzKAQim
83,Tawsha,Wennam,twennam2a@cornell.edu,oiJZx6qja
84,Sidonnie,Cassels,scassels2b@cocolog-nifty.com,rq5FnDy
85,Calv,Hasnip,chasnip2c@wunderground.com,v3qAs0clr
86,Cozmo,Gunn,cgunn2d@arizona.edu,2bIQKk1
87,Mikkel,Nekrews,mnekrews2e@nationalgeographic.com,UWxWsJdejg
88,Kelly,Itzkowicz,kitzkowicz2f@va.gov,GZ1wTJ
89,Kylie,Dmtrovic,kdmtrovic2g@reddit.com,ir7S43SrW
90,Henrie,Aindrais,haindrais2h@stanford.edu,Ls2nlNS
91,Anthe,Baker,abaker2i@nytimes.com,jvCrDX
92,Maddie,Domenici,mdomenici2j@cmu.edu,oPbZ8P
93,Obed,Wyleman,owyleman2k@prlog.org,E7J2LirSMU0h
94,Trevar,Fairbourne,tfairbourne2l@patch.com,hnBewmo3
95,Andrew,Hirsthouse,ahirsthouse2m@imageshack.us,jEWostL
96,Viviyan,Wringe,vwringe2n@reference.com,oNtCZsjrkc2
97,Nata,McSaul,nmcsaul2o@whitehouse.gov,bFKKKqDsS
98,Terrell,Yedall,tyedall2p@123-reg.co.uk,4jmNtZAEMPq
99,Preston,Serchwell,pserchwell2q@about.me,VFlxnah
100,Brook,Weiser,bweiser2r@ustream.tv,RFFwAq6Z8cs
